Latitude,Longitude,Height,Magnetic North,RawXMag,RawYMag,RawZMag,TimeUTC,id
42.66560944967624,97.60852256364345,423.9204589476084,146.29273458699828,-7.792498588562012,-5.198379993438721,13.083873748779297,2023-04-26 21:08:19.262808,2
43.39375056959676,99.10028878455009,424.0783782418212,146.29579451174644,-12.753663063049316,-8.433117866516113,21.644500732421875,2023-04-26 21:08:40.216362,3
44.09186002287099,100.61270014695724,424.22848845940166,146.32068372108196,-16.084577560424805,-10.118765830993652,27.788909912109375,2023-04-26 21:09:01.045907,4
44.76400192489815,102.15543021677843,424.3714710591405,146.38117187637158,-18.08696937561035,-11.345067977905273,31.474634170532227,2023-04-26 21:09:21.934935,5
45.41366600242834,103.7390679540659,424.5078699408219,146.44864048499298,-19.244625091552734,-11.774558067321777,34.44466781616211,2023-04-26 21:09:43.217774,6
46.04966797113561,105.3911644354972,424.63928514210437,146.53266547216248,-19.849262237548828,-12.093607902526855,35.881988525390625,2023-04-26 21:10:04.153020,7
46.64889916750632,107.05509405403899,424.7607631207399,146.63215400761288,-20.44345474243164,-11.776268005371094,36.92045593261719,2023-04-26 21:10:25.376677,8
47.22839171625341,108.78087216457827,424.87560905852115,146.78135265984264,-20.71799659729004,-11.405156135559082,38.17273712158203,2023-04-26 21:10:46.605834,9
47.77867347928009,110.54606378675271,424.9817462456702,146.96746165434715,-21.032718658447266,-11.06811237335205,38.402103424072266,2023-04-26 21:11:07.836154,10
48.298414127918306,112.34973604846734,425.0787887761848,147.19291253847092,-21.125186920166016,-10.42579174041748,39.2395133972168,2023-04-26 21:11:28.732241,11
48.77898409212596,114.16175561887907,425.16509335760065,147.46737686007873,-21.07586669921875,-9.766889572143555,39.54221725463867,2023-04-26 21:11:49.571810,12
49.226402509463504,116.00361069468866,425.24174546642735,147.7871936377754,-21.02727508544922,-9.080024719238281,39.71247482299805,2023-04-26 21:12:10.833765,13
49.649271662961276,117.91836245496886,425.31002054978444,148.15448023020366,-21.18865203857422,-8.50247859954834,40.43305587768555,2023-04-26 21:12:31.729695,14
50.030442613546576,119.83228978425313,425.3670467239749,148.56127263679127,-20.969329833984375,-7.973179340362549,40.53232192993164,2023-04-26 21:12:52.668282,15
50.37728424665509,121.78069300983634,425.4139623141364,148.99565900762576,-20.986000061035156,-7.452244281768799,40.79086685180664,2023-04-26 21:13:13.565230,16
50.68736464436714,123.75290693165555,425.45036268420665,149.4598659843765,-20.990636825561523,-7.060695171356201,40.72773361206055,2023-04-26 21:13:34.826421,17
50.965244355838266,125.78720672171275,425.4765552579917,149.95571039736274,-20.962345123291016,-6.39764928817749,40.367408752441406,2023-04-26 21:13:55.682886,18
51.199908713937425,127.80530847896637,425.49143700807184,150.48925745456745,-20.906877517700195,-5.909938335418701,40.5140266418457,2023-04-26 21:14:16.904446,19
51.39931006842324,129.8770238589002,425.49546416116635,151.0512044383411,-21.098957061767578,-5.291286945343018,40.49464797973633,2023-04-26 21:14:37.761286,20
51.55646399662652,131.9332400352396,425.488391683621,151.65101799087327,-21.285930633544922,-4.950847625732422,40.9921989440918,2023-04-26 21:14:58.607262,21
51.67409394004584,133.99856977382083,425.470335072203,152.26393184623353,-21.177568435668945,-4.617164611816406,40.6314697265625,2023-04-26 21:15:19.418993,22
51.75211678160174,136.07164320709813,425.441267439191,152.9015163448759,-21.48196792602539,-3.7645373344421387,40.268775939941406,2023-04-26 21:15:40.259399,23
51.79040714444189,138.15230049837677,425.4011114147814,153.59460296071376,-21.511207580566406,-3.293616771697998,39.99972152709961,2023-04-26 21:16:01.073162,24
51.7887751252406,140.23210433076034,425.3499639495998,154.30118603035157,-21.399974822998047,-2.8541626930236816,39.420982360839844,2023-04-26 21:16:22.310045,25
51.74605604256439,142.3516073751947,425.28644744309076,155.0262652522618,-21.41415786743164,-2.574408769607544,39.018184661865234,2023-04-26 21:16:43.485022,26
51.662296644690464,144.4592463954471,425.2117545678884,155.76630258845432,-21.407512664794922,-1.9439232349395752,39.025447845458984,2023-04-26 21:17:04.176604,27
51.540999718655264,146.509198365963,425.12789791905277,156.54079139882043,-21.24811363220215,-1.2452322244644165,38.86869430541992,2023-04-26 21:17:24.856484,28
51.38119460108257,148.5448090230157,425.0334685018682,157.35037372114203,-21.481266021728516,-0.9012506008148193,38.27589416503906,2023-04-26 21:17:45.505147,29
51.183691240379325,150.56035721011676,424.92874758838116,158.16442298718084,-21.432119369506836,-0.485322505235672,37.948158264160156,2023-04-26 21:18:06.322419,30
50.94657639386257,152.5739363125891,424.81266660400524,158.9877749708692,-21.58838653564453,-0.38499388098716736,37.95564651489258,2023-04-26 21:18:27.174710,31
50.67174790651583,154.56718234145154,424.68612048518355,159.7904314813724,-21.495468139648438,-0.010200842283666134,38.04325485229492,2023-04-26 21:18:47.839106,32
50.36319596151287,156.51740274260413,424.55071762994766,160.6005192376926,-21.756149291992188,0.3589455187320709,37.29927062988281,2023-04-26 21:19:08.476994,33
50.019994528595575,158.43730026148998,424.40581813088676,161.41029280531097,-21.87255859375,0.5021638870239258,37.1325798034668,2023-04-26 21:19:29.148113,34
49.64186825496583,160.33117487852672,424.2511772936095,162.21350939132614,-21.881927490234375,1.017822265625,36.67970275878906,2023-04-26 21:19:50.275950,35
49.221162955527475,162.2332877920174,424.0837014268161,163.03422492199485,-22.1758975982666,1.4385429620742798,36.6306037902832,2023-04-26 21:20:11.198085,36
48.771273754999925,164.0829300159096,423.9086857362567,163.86290445323584,-22.180776596069336,1.6948988437652588,36.319114685058594,2023-04-26 21:20:32.427032,37
48.28209977927307,165.92356198861305,423.72213474912417,164.7118559859334,-22.089263916015625,2.5142366886138916,36.00948715209961,2023-04-26 21:20:53.277844,38
47.77070527828723,167.69491130848746,423.53046701448227,165.53605491307883,-22.090696334838867,1.8186674118041992,35.51234436035156,2023-04-26 21:21:13.947224,39
47.23492010472869,169.41341282189705,423.3326925436193,166.30517519475728,-22.080114364624023,2.173882007598877,35.046016693115234,2023-04-26 21:21:34.888968,40
46.66305143834578,171.11870551186135,423.12449137961113,167.08149449582095,-22.307493209838867,2.596250057220459,34.781219482421875,2023-04-26 21:21:55.573836,41
46.07173459673751,172.76405471234742,422.9119234824576,167.86269055195197,-22.346817016601562,2.84059476852417,34.90800857543945,2023-04-26 21:22:16.211025,42
45.45622454969964,174.3682788987897,422.69324751198235,168.6447335515401,-22.3262882232666,3.3420801162719727,33.847843170166016,2023-04-26 21:22:36.827313,43
44.8162634764631,175.93534385970065,422.4684138427591,169.4390572312559,-22.53104019165039,3.6450507640838623,33.731624603271484,2023-04-26 21:22:57.498272,44
44.15097352755785,177.46987556483325,422.2372019017568,170.21954294771325,-22.404401779174805,3.5658013820648193,33.687320709228516,2023-04-26 21:23:18.154614,45
43.46432360209763,178.96538181520003,422.0010996209661,170.97061786960452,-22.156116485595703,3.729123115539551,33.31785583496094,2023-04-26 21:23:38.800309,46
42.7559362506949,-179.57439932264649,421.76010377445306,171.71722584777862,-22.18772315979004,4.118926048278809,32.80543899536133,2023-04-26 21:23:59.466106,47
42.02664214860386,-178.14861078369825,421.51465840743685,172.46951654334217,-22.353668212890625,4.43366813659668,32.12370300292969,2023-04-26 21:24:20.119254,48
41.27829500777582,-176.75825378248643,421.2655706232797,173.21926640853448,-22.26519775390625,4.63262414932251,31.447025299072266,2023-04-26 21:24:40.766521,49
40.51151828882955,-175.4018564632224,421.0132529196289,173.96204948077337,-22.28360939025879,4.9589362144470215,30.946945190429688,2023-04-26 21:25:01.423846,50
39.7269758765006,-174.07811959075735,420.75815583607204,174.69660900525156,-22.14482879638672,4.921613693237305,30.163862228393555,2023-04-26 21:25:22.086571,51
38.92480979195074,-172.78499539950482,420.5005865054276,175.41193471702698,-22.015804290771484,5.198008060455322,30.056407928466797,2023-04-26 21:25:42.759305,52
38.10653143775968,-171.5227042648766,420.2413137121126,176.08854691658678,-22.17762565612793,4.663900852203369,29.765304565429688,2023-04-26 21:26:03.406474,53
37.274350612172086,-170.29230489972323,419.9813282589166,176.72033941481297,-22.331523895263672,4.937790870666504,29.227323532104492,2023-04-26 21:26:24.052664,54
36.426864592108096,-169.08953203362654,419.7205064424442,177.3501648185582,-22.339685440063477,5.164344310760498,28.942455291748047,2023-04-26 21:26:44.924415,55
35.556723433621286,-167.9026881013124,419.45699406611834,177.9732010142684,-22.378141403198242,5.271129608154297,28.91510581970215,2023-04-26 21:27:05.565916,56
34.683094208688324,-166.7558526281388,419.1969445630236,178.5811424919129,-22.38414192199707,5.3770318031311035,28.406770706176758,2023-04-26 21:27:26.219589,57
33.79735606282395,-165.63504179215383,418.9380823793215,179.18195325206392,-22.58053207397461,5.788570404052734,28.205888748168945,2023-04-26 21:27:46.852333,58
32.89914721064443,-164.53799997835387,418.6806845883034,179.79141103170414,-22.446468353271484,6.044253826141357,28.076919555664062,2023-04-26 21:28:07.529465,59
31.988751883895997,-163.4634261824133,418.42523882621686,180.39804475549366,-22.28891372680664,6.060892105102539,27.69420051574707,2023-04-26 21:28:28.395439,60
31.059361289510193,-162.40212784084062,418.1703254513737,180.9880774771344,-22.258365631103516,6.17991304397583,27.354324340820312,2023-04-26 21:28:49.076264,61
30.128073115314805,-161.37199917456704,417.9210484353002,181.57071993409315,-22.393407821655273,6.637912273406982,26.625473022460938,2023-04-26 21:29:09.730122,62
29.188762861432032,-160.3641868010017,417.67608913860295,182.16552012777456,-22.554948806762695,6.830539226531982,26.170419692993164,2023-04-26 21:29:30.378381,63
28.24056537981158,-159.37619186580417,417.43562460561185,182.75236998126204,-22.680286407470703,7.078615665435791,26.135026931762695,2023-04-26 21:29:51.040084,64
27.283214814017295,-158.40632828328728,417.2000151372587,183.33566813638114,-22.56049346923828,7.2478251457214355,25.4844970703125,2023-04-26 21:30:11.936925,65
26.307244204584094,-157.44407743555783,416.9674865942448,183.90829753601668,-22.43844223022461,7.186760902404785,25.0985164642334,2023-04-26 21:30:32.587510,66
25.334960324849018,-156.51006553513466,416.74377029583894,184.46656987801683,-22.458961486816406,7.573884010314941,24.821880340576172,2023-04-26 21:30:53.222950,67
24.356314171422472,-155.59290662600534,416.5268265817895,185.0360027491208,-22.56956672668457,7.912381649017334,24.46192169189453,2023-04-26 21:31:13.874340,68
23.370229570391146,-154.69036650444755,416.3168306631548,185.60506679000957,-22.59099769592285,8.057312965393066,23.88921546936035,2023-04-26 21:31:34.736749,69
22.36779659450436,-153.7934379657521,416.1124404600223,186.16276539611945,-22.643657684326172,8.169508934020996,23.459863662719727,2023-04-26 21:31:55.400364,70
21.368827711834623,-152.91871801255024,415.9181087776671,186.70752762394133,-22.76679229736328,8.343053817749023,23.20683479309082,2023-04-26 21:32:16.295924,71
20.35303643311181,-152.04736671688585,415.73031567703936,187.24804147409947,-22.93119239807129,8.772614479064941,22.632186889648438,2023-04-26 21:32:37.192467,72
19.33191297723314,-151.18844747033967,415.5517424717435,187.79228460754442,-22.82826805114746,8.825591087341309,22.31403350830078,2023-04-26 21:32:57.807963,73
18.319595805306566,-150.35248132274657,415.38503380779815,188.32763483469,-22.739343643188477,9.076037406921387,21.69161033630371,2023-04-26 21:33:18.645837,74
17.291714904936523,-149.51827214405364,415.2264994716753,188.86493849593825,-22.790369033813477,9.322197914123535,21.02750015258789,2023-04-26 21:33:39.310821,75
16.26829680272631,-148.7011571560047,415.0796116406166,189.40241974210488,-22.797147750854492,9.621888160705566,20.576322555541992,2023-04-26 21:33:59.984315,76
15.240436727465097,-147.8929318126648,414.94329218529396,189.94036544113507,-23.019439697265625,9.772917747497559,19.32093620300293,2023-04-26 21:34:20.815454,77
14.201020886147878,-147.08723800151444,414.8170536013856,190.46369453534146,-23.229223251342773,10.121247291564941,19.089813232421875,2023-04-26 21:34:41.483459,78
13.166750828417236,-146.29612809729898,414.70321313983055,190.98121796875333,-22.74203872680664,10.174635887145996,18.559057235717773,2023-04-26 21:35:02.279227,79
12.12237699140539,-145.5070467568266,414.60034897948344,191.49999815697248,-23.1162166595459,10.304868698120117,17.89000701904297,2023-04-26 21:35:23.179665,80
11.070184550037988,-144.7210324342325,414.5091605431777,192.00686649527913,-23.34087371826172,10.880440711975098,17.448137283325195,2023-04-26 21:35:44.061221,81
10.016595204313086,-143.9420907719457,414.43051804399255,192.52792796668106,-23.64006805419922,11.327098846435547,16.50518798828125,2023-04-26 21:36:04.696743,82
8.97277296368296,-143.1775181218661,414.3652381075557,193.0540027969338,-23.66141700744629,11.721293449401855,15.684849739074707,2023-04-26 21:36:25.334711,83
7.926945825376807,-142.41778618924636,414.31256279778563,193.5848860803622,-23.459074020385742,11.81732177734375,15.073497772216797,2023-04-26 21:36:45.998978,84
6.87793843286086,-141.66128650559662,414.27263274276277,194.11459457125335,-23.489240646362305,12.206589698791504,14.389859199523926,2023-04-26 21:37:06.624523,85
5.829651323423652,-140.91007212491408,414.24573232445584,194.6410928732346,-23.785457611083984,12.268980026245117,14.24329662322998,2023-04-26 21:37:27.271422,86
4.77889833376911,-140.1611089647562,414.23188821828927,195.14501056981982,-23.86347770690918,12.460310935974121,13.58316707611084,2023-04-26 21:37:47.916916,87
3.7276723024672402,-139.4150865842408,414.2312426878938,195.64267181312528,-23.787275314331055,12.559117317199707,12.62353801727295,2023-04-26 21:38:08.566696,88
2.6743576071791617,-138.67013276488237,414.2438888644322,196.12381765901767,-23.984189987182617,12.631672859191895,11.762638092041016,2023-04-26 21:38:29.212088,89
1.622042110988716,-137.92770821690243,414.2698406017267,196.59107090013825,-24.095054626464844,12.781034469604492,11.2771577835083,2023-04-26 21:38:49.884891,90
0.5664357065505401,-137.18406851065373,414.30926201853623,197.04376217794834,-24.23335838317871,12.777689933776855,10.623635292053223,2023-04-26 21:39:10.522525,91
-0.4867807142326172,-136.4424993055378,414.3619571244778,197.47014356707555,-24.10796356201172,12.84081745147705,10.174689292907715,2023-04-26 21:39:31.396490,92
-1.5518556825038783,-135.69224302515894,414.42880252281384,197.88528246482895,-24.297718048095703,12.77159309387207,9.581281661987305,2023-04-26 21:39:52.043962,93
-2.604927997935825,-134.94938500402765,414.5082651124849,198.27685720994577,-24.27842903137207,12.850132942199707,9.150490760803223,2023-04-26 21:40:12.732762,94
-3.659813526011964,-134.20346910809494,414.6011450586427,198.65671135044687,-24.418745040893555,12.880852699279785,8.251448631286621,2023-04-26 21:40:33.387945,95
-4.711948824885021,-133.4569968957145,414.7069590075583,199.02226307482593,-24.361656188964844,12.936768531799316,7.1023359298706055,2023-04-26 21:40:54.235520,96
-5.7728062805638976,-132.70105942374275,414.826892661046,199.3744959303235,-24.536285400390625,12.996267318725586,6.4600958824157715,2023-04-26 21:41:14.923128,97
-6.824006556142978,-131.9480038479144,414.95875552056833,199.71510380385368,-24.324459075927734,13.013652801513672,5.561556816101074,2023-04-26 21:41:36.131025,98
-7.900405500494971,-131.17196974752903,415.1070955462315,200.04918201653734,-24.547433853149414,13.142351150512695,4.488007545471191,2023-04-26 21:41:56.793776,99
-8.947373922589028,-130.4115760884247,415.2641796132896,200.37449026632672,-24.598346710205078,13.366867065429688,4.100857257843018,2023-04-26 21:42:17.630604,100
-10.000963008960696,-129.6400049520522,415.43485840237605,200.6949217610487,-24.78961181640625,13.363842010498047,3.2659339904785156,2023-04-26 21:42:38.836601,101
-11.070817635051242,-128.84911880828827,415.62094766029276,200.99830510360232,-24.94411849975586,13.502372741699219,1.9315041303634644,2023-04-26 21:42:59.499084,102
-12.110604433283719,-128.072445728838,415.81397431622315,201.29767229492398,-24.7105712890625,13.572935104370117,1.3401625156402588,2023-04-26 21:43:20.174375,103
-13.148341516618983,-127.28854407631582,416.018400526622,201.58542816465663,-24.891633987426758,13.234688758850098,0.6291878819465637,2023-04-26 21:43:40.796896,104
-14.180460866027813,-126.49930205647527,416.2332052917923,201.83617806946614,-24.93300437927246,13.095218658447266,0.3812861740589142,2023-04-26 21:44:01.625468,105
-15.21836064035972,-125.69504807657705,416.46056189831995,202.0650030670399,-25.02484703063965,12.956155776977539,-0.3170716464519501,2023-04-26 21:44:22.281046,106
-16.245559210620037,-124.88764090819751,416.6965688230065,202.26717666647227,-25.12386131286621,12.609861373901367,-1.2903953790664673,2023-04-26 21:44:43.462232,107
-17.29430475359629,-124.05047327888038,416.94858071119353,202.43693418810378,-24.911457061767578,12.41887378692627,-1.9410356283187866,2023-04-26 21:45:04.678984,108
-18.33987851305475,-123.2017873208956,417.2107052995844,202.59900091672984,-24.781782150268555,12.333264350891113,-2.489152669906616,2023-04-26 21:45:25.530307,109
-19.363398754128877,-122.35622969454099,417.47757184699486,202.7500437200355,-24.87425994873047,12.291875839233398,-2.9125094413757324,2023-04-26 21:45:46.377079,110
-20.381357090430022,-121.49954237331168,417.75281691260307,202.8870026732726,-24.94936180114746,12.159889221191406,-3.5069925785064697,2023-04-26 21:46:07.207958,111
-21.393293975519978,-120.63109348092317,418.03589501262985,202.9992500020926,-25.141799926757812,11.750399589538574,-4.059874534606934,2023-04-26 21:46:27.880498,112
-22.391765948272642,-119.75641591038281,418.32419726283285,203.07576178117506,-25.35516357421875,11.62444019317627,-4.615123748779297,2023-04-26 21:46:48.566864,113
-23.384577136563617,-118.86777405322435,418.61946292156637,203.1284362000542,-25.220048904418945,11.137632369995117,-5.568519592285156,2023-04-26 21:47:09.224956,114
-24.37088428413276,-117.96478072532886,418.9210250211729,203.14982835253468,-25.43166160583496,10.865615844726562,-6.128885746002197,2023-04-26 21:47:29.897130,115
-25.35027662942569,-117.04664205514466,419.2283306937441,203.14758805048692,-25.295515060424805,10.694100379943848,-6.886857032775879,2023-04-26 21:47:50.785971,116
-26.332798599894588,-116.1023526986423,419.54422097848413,203.1317829927475,-25.302209854125977,10.384734153747559,-7.166893005371094,2023-04-26 21:48:11.432498,117
-27.2964356245194,-115.15182212799824,419.86117540888745,203.09793257522094,-25.13326644897461,10.218743324279785,-7.399125099182129,2023-04-26 21:48:32.098099,118
-28.252891086735193,-114.18257364306103,420.18249814491526,203.049124043412,-25.140634536743164,9.748385429382324,-7.71617317199707,2023-04-26 21:48:53.009930,119
-29.21216227454246,-113.18256472587255,420.5112430645142,202.96354177311176,-25.050622940063477,9.170453071594238,-8.265366554260254,2023-04-26 21:49:13.896682,120
-30.16112423223775,-112.16354914985207,420.8425807297789,202.84469648155354,-24.888530731201172,8.857415199279785,-9.015398025512695,2023-04-26 21:49:34.546459,121
-31.08932710094244,-111.13582233068225,421.1723194254539,202.71291481170732,-25.047466278076172,8.092307090759277,-9.477675437927246,2023-04-26 21:49:55.211358,122
-32.00917464882966,-110.08456642127679,421.50436563376684,202.52451087364167,-24.9822940826416,8.158379554748535,-9.878999710083008,2023-04-26 21:50:16.083116,123
-32.926997214953,-109.00033342152702,421.84068487205354,202.3387843697307,-25.285402297973633,7.823958873748779,-10.241050720214844,2023-04-26 21:50:36.704019,124
-33.82244223524614,-107.90562069815002,422.17340422154984,202.13004012831675,-25.14175033569336,7.563347816467285,-10.347525596618652,2023-04-26 21:50:57.353753,125
-34.70780778714826,-106.78422136335628,422.5066401116524,201.9176758866427,-25.22963523864746,7.631320953369141,-10.29845905303955,2023-04-26 21:51:18.040618,126
-35.58217044696569,-105.63526743544158,422.83970142677316,201.70957368301077,-25.24758529663086,7.351923942565918,-10.541810989379883,2023-04-26 21:51:38.715659,127
-36.44261393605441,-104.4606440006171,423.17113092359114,201.48536589331593,-24.959754943847656,6.9767022132873535,-10.70695686340332,2023-04-26 21:51:59.376228,128
-37.2889667614566,-103.25869444743827,423.50052264863575,201.24554429117845,-25.0100154876709,6.677457809448242,-10.682291030883789,2023-04-26 21:52:20.026079,129
-38.120163250325724,-102.02896356210759,423.82714309924984,200.98435785731715,-24.82012367248535,6.131982326507568,-11.200084686279297,2023-04-26 21:52:40.922275,130
-38.94688000476059,-100.75253051274187,424.1549487088301,200.696219496991,-24.912582397460938,5.8751654624938965,-11.653669357299805,2023-04-26 21:53:01.561880,131
-39.74658353920375,-99.46195867602022,424.47473207019743,200.39263124876229,-24.864492416381836,5.4319257736206055,-11.927933692932129,2023-04-26 21:53:22.207711,132
-40.5296937818668,-98.13924518179374,424.79035945576356,200.06276043260735,-24.85199546813965,5.007473945617676,-12.247659683227539,2023-04-26 21:53:43.064610,133
-41.30287289960977,-96.76976485486915,425.1043312859943,199.71121059602677,-24.861526489257812,4.676825523376465,-12.46815013885498,2023-04-26 21:54:03.754970,134
-42.050848466665244,-95.37791637098297,425.4102550424548,199.34589109807948,-25.213762283325195,4.4725871086120605,-12.735342979431152,2023-04-26 21:54:24.383073,135
-42.77702646994456,-93.95601462661755,425.70931684350484,198.97595439225324,-25.084508895874023,4.36129903793335,-12.4584321975708,2023-04-26 21:54:45.254945,136
-43.49183254596663,-92.47991079287375,426.0056987206893,198.60982893198388,-24.927412033081055,4.057537078857422,-12.774161338806152,2023-04-26 21:55:06.467351,137
-44.19494981482731,-90.94411351566164,426.29923797730623,198.2410670186949,-24.911781311035156,4.138197422027588,-12.79387092590332,2023-04-26 21:55:27.688132,138
-44.87521586316942,-89.36794879097333,426.5852355852093,197.88245476651255,-24.7923641204834,3.72337007522583,-12.798310279846191,2023-04-26 21:55:48.479406,139
-45.51727613875178,-87.7867675918404,426.8571205980118,197.50135753158253,-24.708486557006836,3.23667573928833,-12.88383674621582,2023-04-26 21:56:09.326747,140
-46.135803330722574,-86.1642159773734,427.12102420995564,197.1006713141129,-24.649450302124023,3.0073020458221436,-13.17422866821289,2023-04-26 21:56:30.174443,141
-46.728409014921496,-84.5031442439947,427.3759399303702,196.68912509586295,-24.60445785522461,2.6169958114624023,-12.498932838439941,2023-04-26 21:56:50.969673,142
-47.29231007504765,-82.808687710434,427.6206956569233,196.263317442626,-24.354310989379883,2.382669448852539,-12.830824851989746,2023-04-26 21:57:11.851859,143
-47.83005382204765,-81.06985006133444,427.8564613080897,195.84102050662247,-24.12129020690918,2.364212989807129,-12.801939010620117,2023-04-26 21:57:32.729443,144
-48.33812929734601,-79.294107916479,428.08179705323465,195.4251302880604,-24.144006729125977,1.973452091217041,-12.762304306030273,2023-04-26 21:57:53.558839,145
-48.81420850902193,-77.4870742403739,428.29576682039635,194.99542942699654,-23.978607177734375,1.8113605976104736,-12.535625457763672,2023-04-26 21:58:14.458655,146
-49.26010411645887,-75.63856469795944,428.4993182691653,194.56755905663027,-23.764053344726562,1.6049292087554932,-12.429112434387207,2023-04-26 21:58:35.294393,147
-49.67175359577701,-73.76224135974677,428.6907458238438,194.14583585651698,-24.008127212524414,1.7010252475738525,-12.360512733459473,2023-04-26 21:58:56.179019,148
-50.050206064259676,-71.85064133100269,428.8706922167673,193.74644737498966,-23.60415267944336,1.6382538080215454,-12.523176193237305,2023-04-26 21:59:17.074533,149
-50.39429569958512,-69.90554071699673,429.03880163086825,193.35928493207666,-23.232467651367188,1.6016459465026855,-12.660299301147461,2023-04-26 21:59:37.961914,150
-50.702120133895235,-67.93441524966583,429.1943356042731,192.97436279121143,-22.950265884399414,1.1429123878479004,-12.611509323120117,2023-04-26 21:59:59.206811,151
-50.97749048830723,-65.90350781137458,429.33955676316515,192.57024781877845,-22.802980422973633,1.0191007852554321,-12.961112022399902,2023-04-26 22:00:20.040039,152
-51.209774032834545,-63.889470853924465,429.4690258450667,192.17253956378696,-22.690746307373047,0.9692686796188354,-12.736417770385742,2023-04-26 22:00:41.269409,153
-51.40737896064461,-61.81673202770734,429.5876209518985,191.7822898753691,-22.6240291595459,0.7854554653167725,-12.77600383758545,2023-04-26 22:01:02.197094,154
-51.56290624884916,-59.756962374260034,429.6911644039761,191.3860159601033,-22.546228408813477,0.5051202774047852,-12.251614570617676,2023-04-26 22:01:23.462853,155
-51.68047109428975,-57.651557335827235,429.7826122443198,190.98690068614277,-22.467853546142578,0.5374996066093445,-12.39171028137207,2023-04-26 22:01:44.346231,156
-51.75592082192328,-55.57451046801468,429.85884905856443,190.60126820560384,-21.986486434936523,0.3577784597873688,-12.929064750671387,2023-04-26 22:02:05.645179,157
-51.791769760899605,-53.45094480981298,429.92264821812364,190.21724764970907,-21.69053840637207,0.31406840682029724,-12.755449295043945,2023-04-26 22:02:26.473516,158
-51.78658820335489,-51.37325236064645,429.97135751839943,189.84502966070005,-21.49811363220215,0.14001211524009705,-12.560970306396484,2023-04-26 22:02:47.339694,159
-51.74148870311667,-49.29298688829095,430.00659606699674,189.47813921924364,-21.258947372436523,0.39745524525642395,-12.973783493041992,2023-04-26 22:03:08.202259,160
-51.65663096781575,-47.21996021284352,430.0282266481031,189.14442983677515,-20.78329086303711,0.36282891035079956,-12.915392875671387,2023-04-26 22:03:29.429209,161
-51.52984297283169,-45.12227058715669,430.036321333671,188.81929917190422,-20.467348098754883,0.2722751200199127,-12.835707664489746,2023-04-26 22:03:50.363620,162
-51.36496997834458,-43.064689690379,430.03062204720493,188.49859446961543,-20.566265106201172,0.3325729966163635,-13.034443855285645,2023-04-26 22:04:11.225541,163
-51.16209236597724,-41.03255255658207,430.0115108810509,188.19823007067495,-20.3815975189209,0.09434129297733307,-12.920699119567871,2023-04-26 22:04:32.148783,164
-50.91985707725759,-39.01008970754598,429.9789001606894,187.87420589644955,-20.232696533203125,-0.1192379891872406,-12.989874839782715,2023-04-26 22:04:53.079446,165
-50.64121942336222,-37.0195336378621,429.9332211378617,187.54622021250555,-20.0936336517334,-0.21903593838214874,-12.99282455444336,2023-04-26 22:05:13.973645,166
-50.32609828200087,-35.05537636939949,429.87454479302863,187.22148569860644,-19.771413803100586,-0.25264808535575867,-13.190596580505371,2023-04-26 22:05:35.185839,167
-49.96947641827927,-33.0892263809406,429.8018222848844,186.89923737356526,-19.665340423583984,-0.4749266803264618,-13.171618461608887,2023-04-26 22:05:56.077807,168
-49.58278317545492,-31.18155157164877,429.71739850497516,186.5599818774907,-19.57848358154297,-0.7844181656837463,-13.502765655517578,2023-04-26 22:06:16.982100,169
-49.16248259671517,-29.30733567439739,429.62063952699697,186.2094429089073,-19.379528045654297,-0.7736113667488098,-13.496129035949707,2023-04-26 22:06:37.871783,170
-48.70967845049442,-27.468140024585274,429.51183510261956,185.87223646958378,-19.031009674072266,-0.7836461663246155,-13.083032608032227,2023-04-26 22:06:58.773542,171
-48.22514042122073,-25.66391557822768,429.39120604099566,185.54172361564687,-18.901531219482422,-0.9797900915145874,-13.189371109008789,2023-04-26 22:07:20.060763,172
-47.70006372778754,-23.863070013513457,429.2564907521151,185.2038478177847,-18.5500431060791,-0.9885209202766418,-12.83057975769043,2023-04-26 22:07:40.965983,173
-47.15480544154446,-22.132353044764642,429.1129631898999,184.8797280209109,-18.538593292236328,-0.9211069345474243,-12.655421257019043,2023-04-26 22:08:01.880429,174
-46.581090550449346,-20.43880700964819,428.95860425559295,184.5685719230818,-18.132280349731445,-1.053330898284912,-12.413359642028809,2023-04-26 22:08:22.784739,175
-45.98037327816804,-18.783656633029953,428.79388548658955,184.25357725893915,-17.968782424926758,-1.1128239631652832,-12.579068183898926,2023-04-26 22:08:43.703410,176
-45.35324619775063,-17.16554695090394,428.6190651154771,183.93656085880218,-17.98337745666504,-1.3475381135940552,-12.815832138061523,2023-04-26 22:09:04.541715,177
-44.70374111275917,-15.591383749477988,428.4353951301956,183.60436777832945,-17.94394302368164,-1.5321098566055298,-12.680962562561035,2023-04-26 22:09:25.465039,178
-44.02779629827113,-14.048401836748242,428.2418608420176,183.26027650832253,-17.628890991210938,-1.6265990734100342,-12.574930191040039,2023-04-26 22:09:46.330358,179
-43.33098533601285,-12.546626201689454,428.04020784965957,182.9241219181312,-17.478731155395508,-1.6477949619293213,-12.34067153930664,2023-04-26 22:10:07.200474,180
-42.612423703436896,-11.081007825300771,427.83036315626066,182.58914212047708,-17.18581199645996,-1.771430492401123,-12.582722663879395,2023-04-26 22:10:28.047502,181
-41.8738685939391,-9.65231022796899,427.6130375362436,182.2495997564574,-17.2100772857666,-1.8849377632141113,-12.55051326751709,2023-04-26 22:10:49.009434,182
-41.11171175433344,-8.251357546352903,427.38737768074526,181.91109558119157,-16.896604537963867,-1.920823574066162,-12.556446075439453,2023-04-26 22:11:09.906909,183
-40.3329975581081,-6.888731570976177,427.1557045198082,181.5809378970915,-16.71076774597168,-1.852599859237671,-13.240797996520996,2023-04-26 22:11:30.809997,184
-39.53615339227176,-5.558895495327925,426.91781497214015,181.26409908187296,-16.760175704956055,-1.9451159238815308,-13.383576393127441,2023-04-26 22:11:51.719362,185
-38.72218725342362,-4.2611394773372036,426.6742901009665,180.94099015299633,-16.700571060180664,-2.2286806106567383,-12.817909240722656,2023-04-26 22:12:12.603635,186
-37.893273347367874,-2.99646581789224,426.4260809278907,180.6093571480355,-16.59568214416504,-2.038418769836426,-12.92977523803711,2023-04-26 22:12:33.466823,187
-37.049446856004224,-1.7625070283996125,426.1735160773323,180.29796882377465,-16.604265213012695,-2.3033206462860107,-12.761435508728027,2023-04-26 22:12:54.311023,188
-36.19206193638976,-0.5589468182516809,425.9173346240659,179.9652120253243,-16.449947357177734,-2.5381696224212646,-12.523837089538574,2023-04-26 22:13:15.269126,189
-35.316208177691855,0.6229015084685671,425.6564255331455,179.616927019167,-16.46329689025879,-2.601308822631836,-12.77865982055664,2023-04-26 22:13:36.105646,190
-34.432724115650565,1.7704873390830655,425.39438235969396,179.26883325830647,-16.57248306274414,-2.8237152099609375,-12.838512420654297,2023-04-26 22:13:56.997459,191
-33.533921394939824,2.895932525687542,425.12930029171133,178.9082675720215,-16.51982307434082,-2.9473330974578857,-13.145865440368652,2023-04-26 22:14:17.909677,192
-32.62253129639845,3.997426836647968,424.8623878495056,178.55018807459442,-16.75358009338379,-3.0088534355163574,-13.39873218536377,2023-04-26 22:14:38.762611,193
-31.702690333751097,5.071880166661517,424.59525380500577,178.20590555929076,-16.70369529724121,-2.9594435691833496,-13.73189640045166,2023-04-26 22:14:59.998643,194
-30.75520572903988,6.142629884001778,424.32280124373176,177.8740539882765,-16.648967742919922,-3.093909978866577,-13.848686218261719,2023-04-26 22:15:20.891530,195
-29.813027433550175,7.1740191669226085,424.05493849001346,177.5396889076477,-16.55687141418457,-3.122030258178711,-13.90275764465332,2023-04-26 22:15:41.800583,196
-28.861130626248737,8.184889612390327,423.78775001101013,177.2110611859217,-16.821393966674805,-3.258230209350586,-13.920159339904785,2023-04-26 22:16:02.970206,197
-27.88722783035335,9.189206467731536,423.5183003075038,176.87698297323806,-16.878934860229492,-3.5560851097106934,-13.94570255279541,2023-04-26 22:16:23.861149,198
-26.91810740955804,10.160832753171238,423.2544387005975,176.52824717459552,-16.810489654541016,-3.7244086265563965,-14.144468307495117,2023-04-26 22:16:44.748787,199
-25.94102419562438,11.114522889976234,422.99304516545567,176.16102888405896,-16.695222854614258,-3.971672534942627,-14.48515796661377,2023-04-26 22:17:05.627318,200
-24.956961655529184,12.0506820249148,422.734813766623,175.7762706677338,-16.817716598510742,-4.17781925201416,-14.656462669372559,2023-04-26 22:17:26.463757,201
-23.967978195109986,12.96873638961596,422.4806952194324,175.37817992214877,-17.01732635498047,-4.591659069061279,-14.747220039367676,2023-04-26 22:17:47.378431,202
-22.968615194071603,13.874942943548518,422.229729031529,174.95387491052927,-17.140060424804688,-5.036017894744873,-14.695625305175781,2023-04-26 22:18:08.265950,203
-21.964079860154737,14.765693025211002,421.98367015776506,174.50384740649545,-17.284347534179688,-5.142115116119385,-14.904220581054688,2023-04-26 22:18:29.520267,204
-20.93599611228547,15.657979374327715,421.7386007207553,174.0473448831285,-17.254573822021484,-5.669285297393799,-15.130541801452637,2023-04-26 22:18:50.748057,205
-19.90342304793815,16.535960991476543,421.49965316620586,173.54887767750094,-17.138343811035156,-6.040936470031738,-15.35464096069336,2023-04-26 22:19:11.990748,206
-18.864895656582203,17.40202681330667,421.26690283678204,173.01840420542274,-17.25521469116211,-6.686380386352539,-14.403404235839844,2023-04-26 22:19:33.220398,207
-17.822028756561988,18.255918306982355,421.0411201043608,172.44203186212204,-17.498767852783203,-7.225160121917725,-14.530027389526367,2023-04-26 22:19:54.125145,208
-16.790521040962286,19.08617573598147,420.8259015203255,171.8378606488994,-17.87154769897461,-7.912450313568115,-14.34570598602295,2023-04-26 22:20:15.047430,209
-15.75441142659142,19.906945939599353,420.6181013437856,171.2087865659629,-18.362972259521484,-9.063265800476074,-14.5549898147583,2023-04-26 22:20:35.896030,210
-14.717705713510789,20.716048415986204,420.41883655335744,170.52459285642436,-18.88363265991211,-9.090421676635742,-14.594939231872559,2023-04-26 22:20:57.091691,211
-13.659769406196348,21.530274041904697,420.22466206859133,169.8754653380847,-18.994888305664062,-9.379374504089355,-14.13497257232666,2023-04-26 22:21:17.988371,212
-12.613495220848879,22.32516518172191,420.0419696550334,169.22084634765233,-19.16805076599121,-9.912638664245605,-14.11577033996582,2023-04-26 22:21:38.892995,213
-11.564136535955772,23.113018571370734,419.8682854341034,168.5591376208615,-19.491806030273438,-10.399696350097656,-13.80627727508545,2023-04-26 22:21:59.809761,214
-10.511329635246591,23.894945516337355,419.7038400314712,167.89834413941944,-19.738384246826172,-10.602084159851074,-13.669074058532715,2023-04-26 22:22:20.726405,215
-9.456148806815854,24.670971125318502,419.5490702509018,167.24633428125003,-19.940134048461914,-11.230788230895996,-13.045252799987793,2023-04-26 22:22:41.593834,216
-8.401851518735308,25.43954368762052,419.4046471760613,166.5726590630333,-20.18370246887207,-11.991777420043945,-12.956009864807129,2023-04-26 22:23:02.724655,217
-7.3309871037835554,26.214085918295847,419.26857000986604,165.8699008993307,-20.206026077270508,-12.790980339050293,-12.579115867614746,2023-04-26 22:23:23.633792,218
-6.270365047971359,26.97597558301304,419.14448268804296,165.1365571485248,-20.549468994140625,-13.570009231567383,-11.958860397338867,2023-04-26 22:23:44.473513,219
-5.212090761719699,27.731771202969522,419.0313973812892,164.3871214720343,-20.57785415649414,-14.22794246673584,-11.527668952941895,2023-04-26 22:24:05.370095,220
-4.148983660757423,28.48736323161381,418.9286939484537,163.62134798304916,-20.927095413208008,-15.010503768920898,-10.526937484741211,2023-04-26 22:24:26.231127,221
-3.0873500736990955,29.239014759305686,418.8371258816757,162.84866234262395,-21.184432983398438,-15.670341491699219,-9.985074043273926,2023-04-26 22:24:47.405628,222
-2.0092882020230265,30.000111112145643,418.75546037036844,162.07495217382325,-21.420331954956055,-16.450647354125977,-9.384751319885254,2023-04-26 22:25:08.241047,223
-0.9472249372253508,30.748509390324493,418.6862199897437,161.29002683440538,-21.771820068359375,-17.199052810668945,-8.554695129394531,2023-04-26 22:25:29.146452,224
0.11777487508212743,31.49832204034903,418.6280057610177,160.51245077853446,-22.144718170166016,-17.5908203125,-7.801848888397217,2023-04-26 22:25:50.044198,225
1.1832997721970904,32.24858763460169,418.58102889734533,159.7556931392537,-22.432161331176758,-18.12696075439453,-6.9762444496154785,2023-04-26 22:26:10.947177,226
2.2483844066301195,32.999366781091965,418.5453407531739,159.00248719834138,-22.57257080078125,-18.99662208557129,-6.133184909820557,2023-04-26 22:26:31.818353,227
3.311326641224805,33.750197555441815,418.5209476538817,158.2426013324208,-22.80984878540039,-19.445972442626953,-5.4061970710754395,2023-04-26 22:26:53.048520,228
4.3918423066786945,34.51580979558073,418.5076150739527,157.48987350475036,-22.831989288330078,-20.25078010559082,-4.53851318359375,2023-04-26 22:27:13.958841,229
5.4544612862747694,35.271835140711985,418.5057309578426,156.73545179016577,-23.279329299926758,-20.647090911865234,-3.5167183876037598,2023-04-26 22:27:34.863435,230
6.517049817885306,36.03167899640322,418.51491894386663,156.0076541529659,-23.320453643798828,-20.869182586669922,-2.1694893836975098,2023-04-26 22:27:55.767767,231
7.576338747865451,36.79376545765399,418.5350212523669,155.2974237623113,-23.464597702026367,-21.31081771850586,-0.9502008557319641,2023-04-26 22:28:16.595713,232
8.631833793687782,37.558485226141656,418.5658254377225,154.6023837123708,-23.641857147216797,-21.616291046142578,0.06391255557537079,2023-04-26 22:28:37.469411,233
9.686736660538074,38.32893631973961,418.6072486532377,153.92491090897556,-23.724952697753906,-21.876745223999023,1.0749564170837402,2023-04-26 22:28:58.381541,234
10.741677952113351,39.10641205187395,418.6591821185083,153.26914444676265,-24.00991439819336,-22.01793098449707,2.107330799102783,2023-04-26 22:29:19.228422,235
11.790725314572175,39.88734213556986,418.7211067523006,152.64123149598504,-24.026296615600586,-22.212310791015625,3.178306818008423,2023-04-26 22:29:40.132598,236
12.83894341585886,40.676311850927696,418.7930683552451,152.02301741382885,-24.089885711669922,-22.813928604125977,4.389950752258301,2023-04-26 22:30:01.070403,237
13.887705543527616,41.47527986079789,418.8749874791091,151.406907029937,-23.910547256469727,-22.949459075927734,5.535680770874023,2023-04-26 22:30:22.300638,238
14.946751733329958,42.292807109616746,418.96759080408725,150.80479853384372,-23.9887638092041,-22.946746826171875,6.626399993896484,2023-04-26 22:30:43.536116,239
16.00230580095933,43.11940891555599,419.06956468080847,150.22928679437842,-24.150564193725586,-23.028120040893555,8.291412353515625,2023-04-26 22:31:04.449914,240
17.038051972503137,43.942989975302645,419.17880262847007,149.6830082645608,-24.169939041137695,-23.074947357177734,9.408437728881836,2023-04-26 22:31:25.360575,241
18.069079012040238,44.776211101348196,419.2963505931794,149.15753449095504,-24.236825942993164,-22.893239974975586,10.543882369995117,2023-04-26 22:31:46.208537,242
19.092918625079747,45.61799395773885,419.4215455139558,148.65614396436277,-23.96580696105957,-23.04640769958496,11.679804801940918,2023-04-26 22:32:07.419534,243
20.128837108671533,46.48552391244057,419.55655767789693,148.15947992867612,-23.861604690551758,-23.08653450012207,12.742355346679688,2023-04-26 22:32:28.641590,244
21.16106614572991,47.36711834501854,419.69917323999664,147.6785663092155,-24.10868263244629,-22.96084213256836,14.272921562194824,2023-04-26 22:32:49.842330,245
22.18593742562258,48.260781242135664,419.84848579143136,147.23260959792705,-24.051565170288086,-22.948455810546875,15.574234962463379,2023-04-26 22:33:10.739812,246
23.190140105884602,49.15561395499712,420.00197123885454,146.79967122719663,-23.888097763061523,-22.97869300842285,16.627878189086914,2023-04-26 22:33:31.625078,247
24.187468380291183,50.06464598008946,420.16116970654315,146.3740138381214,-23.682458877563477,-22.875606536865234,17.47026824951172,2023-04-26 22:33:52.866075,248
25.194809260526252,51.005025844604724,420.3285209720466,145.9617982613328,-23.4665470123291,-22.746355056762695,18.44390869140625,2023-04-26 22:34:14.117083,249
26.19534674756208,51.96295599152162,420.50096493402765,145.56653521406417,-23.36467933654785,-22.409976959228516,19.334341049194336,2023-04-26 22:34:34.998948,250
27.170744465667585,52.92161198522816,420.6747513681457,145.19140756446873,-23.236305236816406,-22.386173248291016,19.852413177490234,2023-04-26 22:34:56.249134,251
28.15492554444277,53.915739737020395,420.85547794509216,144.83275433115136,-23.255441665649414,-22.218400955200195,21.073284149169922,2023-04-26 22:35:17.495167,252
29.130165398526646,54.929618433242645,421.03957900467134,144.50118962808227,-23.445072174072266,-21.97541046142578,22.383445739746094,2023-04-26 22:35:38.674330,253
30.093039478296774,55.961097696382005,421.2259326189604,144.19934990828105,-23.554351806640625,-22.02385139465332,23.37327766418457,2023-04-26 22:35:59.588196,254
31.03413849546961,57.00095160388885,421.4121703124332,143.91401192551461,-23.298229217529297,-21.591907501220703,24.410785675048828,2023-04-26 22:36:20.433028,255
31.96139298045911,58.05875342931563,421.59932966268906,143.65226541614138,-23.36538314819336,-21.311817169189453,25.367137908935547,2023-04-26 22:36:41.310172,256
32.880620609584696,59.14275847952134,421.7881550792336,143.41468411605166,-23.212635040283203,-21.041481018066406,26.336332321166992,2023-04-26 22:37:02.165018,257
33.78702128565338,60.24911196929301,421.97724894879633,143.19523013801916,-22.954984664916992,-20.640775680541992,27.204788208007812,2023-04-26 22:37:23.007879,258
34.68099459754221,61.37998426962467,422.1662744546191,142.9899692930819,-22.78499984741211,-20.55649757385254,27.56702423095703,2023-04-26 22:37:44.192098,259
35.576747813234654,62.556246960302836,422.35788283279095,142.79189380715155,-22.582733154296875,-20.097726821899414,28.57122039794922,2023-04-26 22:38:05.431344,260
36.4611811318962,63.763996596910296,422.5489241650707,142.6154973416468,-22.331262588500977,-19.842222213745117,28.950117111206055,2023-04-26 22:38:26.323934,261
37.31680002227485,64.98046273019365,422.7351900928672,142.44971499011226,-21.972970962524414,-19.396818161010742,29.99250030517578,2023-04-26 22:38:47.228521,262
38.158217347007515,66.22739389809831,422.91945293422225,142.30081686620596,-21.637752532958984,-19.080074310302734,30.649398803710938,2023-04-26 22:39:08.418197,263
38.995154060468714,67.52258979427458,423.1034987542504,142.16433602621078,-21.57540512084961,-18.489816665649414,31.244935989379883,2023-04-26 22:39:29.310383,264
39.803840661418796,68.83155237878672,423.28175349577873,142.0677571513468,-21.6353759765625,-18.003995895385742,32.344051361083984,2023-04-26 22:39:50.630736,265
40.61126343441937,70.2010106991604,423.4598294249871,142.00754220362396,-21.669395446777344,-17.32555389404297,33.172271728515625,2023-04-26 22:40:11.528190,266
41.3842512762469,71.577239029569,423.6300959377365,141.98109571115768,-21.518003463745117,-17.23827362060547,33.84663009643555,2023-04-26 22:40:32.425082,267
42.138137438035315,72.98809322615881,423.79564321299216,141.953146577074,-21.28881072998047,-17.108104705810547,34.44196319580078,2023-04-26 22:40:53.353452,268
42.8730170413559,74.4365607617609,423.95621641312124,141.92914529233056,-21.245277404785156,-16.785541534423828,35.044593811035156,2023-04-26 22:41:14.308258,269
43.58762814063869,75.92319979747732,424.11127957574723,141.93081185848806,-21.315715789794922,-16.667587280273438,35.89033126831055,2023-04-26 22:41:35.219411,270
44.27871422456224,77.443962739755,424.2598896575432,141.9449230293133,-21.348323822021484,-16.254552841186523,36.7899169921875,2023-04-26 22:41:56.639491,271
44.962252784438256,79.0398558728799,424.4052082508095,141.98766635313922,-21.370466232299805,-15.827570915222168,37.193946838378906,2023-04-26 22:42:17.530840,272
45.60452922419241,80.63499252154107,424.53986759422463,142.05141933885213,-21.266036987304688,-15.421906471252441,37.936100006103516,2023-04-26 22:42:38.388541,273
46.22009743604887,82.26447178646794,424.66681744836035,142.13334062775726,-21.00933837890625,-15.094460487365723,38.89372634887695,2023-04-26 22:42:59.262918,274
46.8104320192692,83.9351770725564,424.7862000456848,142.23200954050728,-20.77509880065918,-14.298954010009766,39.350502014160156,2023-04-26 22:43:20.481684,275
47.381871727105015,85.67123671810373,424.89908008999635,142.36885921071763,-20.880340576171875,-13.941428184509277,39.58137512207031,2023-04-26 22:43:41.697652,276
47.92383255763856,87.44672629196212,425.00316217214686,142.53555680760098,-20.769624710083008,-13.336828231811523,40.009700775146484,2023-04-26 22:44:02.570086,277
48.42635696468044,89.2287662265881,425.0964935900243,142.7352578785538,-20.719825744628906,-12.789751052856445,40.79355239868164,2023-04-26 22:44:23.462357,278
48.89866935581893,91.0497771500404,425.18076204563926,142.96859080097977,-20.72309112548828,-12.237837791442871,41.88373947143555,2023-04-26 22:44:44.321374,279
49.33805287289021,92.90234835872305,425.2553892126903,143.23663474476777,-20.511274337768555,-11.621648788452148,42.23649597167969,2023-04-26 22:45:05.243683,280
49.74570251147033,94.79507000890337,425.3204806758718,143.53000502999814,-20.32814598083496,-11.215822219848633,42.6425666809082,2023-04-26 22:45:26.536637,281
50.1251142983338,96.7532823061817,425.3763701113516,143.84941199634463,-20.376338958740234,-10.550457000732422,42.94114303588867,2023-04-26 22:45:47.452330,282
50.46220535312427,98.70723421601159,425.42090891874676,144.2103601732231,-20.324735641479492,-9.983596801757812,43.17848205566406,2023-04-26 22:46:08.347378,283
50.762794628019876,100.68708273952845,425.4549479439417,144.60978963588548,-20.311878204345703,-9.264965057373047,43.77619552612305,2023-04-26 22:46:29.558185,284
51.030013081180606,102.72223149473015,425.4786266786629,145.05834181905854,-20.537738800048828,-8.67078971862793,43.688621520996094,2023-04-26 22:46:50.811020,285
51.25863851362073,104.78386851324954,425.4912108998803,145.55246502437396,-20.45818519592285,-7.985307216644287,43.664405822753906,2023-04-26 22:47:11.600346,286
51.4438158968687,106.82020001994513,425.49261052830997,146.08114898688962,-20.302045822143555,-7.610584735870361,43.86214065551758,2023-04-26 22:47:32.422716,287
51.59048865173587,108.87490868598043,425.4830972485748,146.6220863087763,-20.084171295166016,-7.114274024963379,43.6674690246582,2023-04-26 22:47:53.616299,288
51.69946345625011,110.97840863801467,425.46212798299786,147.1938277838197,-20.169450759887695,-6.417001247406006,43.85365295410156,2023-04-26 22:48:14.431167,289
51.76657962383266,113.05286654623016,425.43040359066066,147.81553892283094,-20.09645652770996,-5.650224208831787,43.97423553466797,2023-04-26 22:48:35.268778,290
51.79392755962819,115.13413538578104,425.3875810672016,148.49038893358488,-19.866710662841797,-4.838168144226074,44.11174774169922,2023-04-26 22:48:56.104541,291
51.78132876976263,117.21583465768792,425.3337071179447,149.22138309931634,-20.289039611816406,-4.151907920837402,43.7977180480957,2023-04-26 22:49:16.909814,292
51.72893702188186,119.29133663967362,425.26891746733975,150.0123463259605,-20.50918197631836,-3.1959609985351562,43.88751220703125,2023-04-26 22:49:37.763982,293
51.63665396183455,121.36503531515594,425.1930031961759,150.86572382124024,-20.609010696411133,-2.663191795349121,43.558685302734375,2023-04-26 22:49:58.602796,294
51.50506694224327,123.42516994753596,425.10633120458584,151.74506969574435,-20.506380081176758,-2.086207866668701,43.104957580566406,2023-04-26 22:50:19.813715,295
51.330804152461134,125.51052343391156,425.0069283540006,152.64138176014677,-20.45587730407715,-1.7500801086425781,42.926902770996094,2023-04-26 22:50:41.018699,296
51.116811754042516,127.5755031985571,424.8966293899093,153.55491956163598,-20.462167739868164,-1.157942533493042,42.914180755615234,2023-04-26 22:51:01.649865,297
50.87093441815706,129.56409121695188,424.7789215087664,154.49498581786153,-20.702835083007812,-0.48536020517349243,42.59947967529297,2023-04-26 22:51:22.534417,298
50.58516041137377,131.55191075232645,424.649628339437,155.4693942652339,-20.74221420288086,0.08644001185894012,42.259864807128906,2023-04-26 22:51:43.425867,299
50.262288539647884,133.51686442442295,424.5099954646153,156.47263977128202,-20.931655883789062,0.820688784122467,41.98250198364258,2023-04-26 22:52:04.063388,300
49.908828415901375,135.42666265557793,424.3625974279357,157.51178475160776,-20.816165924072266,1.4251173734664917,41.525367736816406,2023-04-26 22:52:24.749018,301
49.52002218237431,137.31325078543256,424.20524676483456,158.57793629991176,-20.83710479736328,2.1022732257843018,41.30246353149414,2023-04-26 22:52:45.631651,302
49.09429218439868,139.18364837487027,424.0372690713838,159.67147690678746,-20.989276885986328,2.685734748840332,41.07556915283203,2023-04-26 22:53:06.350417,303
48.63962908076552,141.0055536969086,423.86172067658435,160.77810415611293,-20.988567352294922,3.049471139907837,40.248592376708984,2023-04-26 22:53:27.208992,304
48.15057317046279,142.8042142982114,423.6764028058812,161.8804010655046,-21.132328033447266,3.513117551803589,39.567081451416016,2023-04-26 22:53:47.885095,305
47.635771658889254,144.5513303960435,423.4845189211717,162.98400937121693,-21.41912269592285,3.983926296234131,38.8249626159668,2023-04-26 22:54:08.540037,306
47.09285082116669,146.26000730313237,423.2850989156385,164.08017277073392,-21.41357421875,4.172371864318848,38.30574035644531,2023-04-26 22:54:29.428245,307
46.51575120235686,147.9504335747379,423.0759417442673,165.15528552722895,-21.83354949951172,4.539260387420654,37.94293212890625,2023-04-26 22:54:50.074638,308
45.91869102934495,149.5840248322725,422.86220593332865,166.22407352855257,-21.823223114013672,5.105940818786621,37.4937629699707,2023-04-26 22:55:10.682391,309
45.297520704732776,151.17732077913956,422.6423864968497,167.29750605851177,-21.928606033325195,5.364080429077148,36.80012130737305,2023-04-26 22:55:31.309755,310
44.65138318713504,152.73553235586377,422.41623534837674,168.35073488890606,-22.181882858276367,5.64253044128418,36.32474136352539,2023-04-26 22:55:51.942220,311
43.981980806594535,154.2572152045709,422.1844374645891,169.38520801983952,-22.261219024658203,5.960478782653809,35.77033615112305,2023-04-26 22:56:12.806082,312
43.28250434459538,155.7591668951348,421.9447896451998,170.40466839497728,-22.302242279052734,6.179172992706299,34.79765319824219,2023-04-26 22:56:33.441866,313
42.56935473392384,157.20889304232338,421.7030509776923,171.40768167459365,-22.122011184692383,6.497774600982666,34.06199645996094,2023-04-26 22:56:54.080839,314
41.835887166396994,158.62385637806253,421.4570928902888,172.41171948258554,-22.191211700439453,7.109148025512695,33.49309539794922,2023-04-26 22:57:14.719236,315
41.083288895456036,160.0043542628571,421.2075032031162,173.42139902683184,-22.14642333984375,7.273171901702881,32.74269485473633,2023-04-26 22:57:35.314732,316
40.313769095647025,161.34904508606536,420.95522025690775,174.4087848336272,-22.161174774169922,7.433356285095215,32.46541213989258,2023-04-26 22:57:55.948065,317
39.525578124403594,162.6634377561848,420.69990737251305,175.37025690271156,-22.146394729614258,7.65183687210083,31.399127960205078,2023-04-26 22:58:16.560038,318
38.721462358462354,163.94523164612588,420.44271799552627,176.3071129700272,-22.354820251464844,7.673883438110352,30.88958740234375,2023-04-26 22:58:37.191108,319
37.90092555937838,165.19749495566091,420.18377541294313,177.20856133668548,-22.3855037689209,7.797590732574463,30.458675384521484,2023-04-26 22:58:58.054468,320
37.05578907865948,166.43394861576755,419.92087045219824,178.09552970230334,-22.333341598510742,8.408919334411621,29.688133239746094,2023-04-26 22:59:18.715817,321
36.20538485703181,167.62840696801396,419.6603445928141,178.99203301200254,-22.488353729248047,8.589405059814453,29.21979522705078,2023-04-26 22:59:39.362403,322
35.340452193061225,168.7966407970444,419.39964447825787,179.87568190568376,-22.445880889892578,9.215707778930664,28.58810806274414,2023-04-26 23:00:00.026313,323
34.46273859253073,169.9381882121508,419.1396592768239,180.76430681954642,-22.61020278930664,9.273116111755371,27.57513999938965,2023-04-26 23:00:20.674848,324
33.57339307186993,171.05349557690693,418.8810939488712,181.62245178686683,-22.72173500061035,9.541131019592285,26.683612823486328,2023-04-26 23:00:41.523606,325
32.66441940471219,172.1539310718706,418.62207139806947,182.45480595988127,-22.76319122314453,9.331391334533691,26.29457664489746,2023-04-26 23:01:02.193052,326
31.75083723540587,173.22297245412813,418.36728194570253,183.24236775231876,-23.01535415649414,9.5520601272583,25.79875946044922,2023-04-26 23:01:22.857209,327
30.827828524374695,174.26838987617882,418.11571856329573,184.0047671278539,-23.087940216064453,9.426939964294434,25.446374893188477,2023-04-26 23:01:43.527594,328
29.894663581271715,175.29266019648435,417.8675861030127,184.72565261361376,-23.10802459716797,9.432927131652832,25.234046936035156,2023-04-26 23:02:04.184991,329
28.95283992741793,176.2957036491527,417.6236944690808,185.41793326712957,-23.373516082763672,9.544210433959961,24.725915908813477,2023-04-26 23:02:24.865627,330
28.000982358789024,177.28044547284517,417.3841129321517,186.0912806362661,-23.22327995300293,9.742385864257812,24.234424591064453,2023-04-26 23:02:45.528536,331
27.042603216097014,178.24470272042723,417.15014004738606,186.75301668381363,-23.16960334777832,9.793647766113281,23.673269271850586,2023-04-26 23:03:06.418154,332
26.063974005985482,179.20324471193928,416.9189726353689,187.3980187678946,-23.14977264404297,10.002002716064453,23.210861206054688,2023-04-26 23:03:27.071508,333
25.089842761441712,-179.86685642250788,416.696885150707,188.02885503963697,-23.12434196472168,9.95474910736084,22.794170379638672,2023-04-26 23:03:47.728089,334
24.108512072680515,-178.9527273985858,416.48148471991664,188.64171425348388,-23.024559020996094,10.306432723999023,22.089496612548828,2023-04-26 23:04:08.401512,335
23.119720568390655,-178.05294338403826,416.27314089603385,189.25649958067672,-23.17538833618164,10.464015007019043,21.426311492919922,2023-04-26 23:04:29.267922,336
22.115512852223628,-177.15939302721443,416.07072339520414,189.85769283142125,-23.209043502807617,10.720277786254883,20.980846405029297,2023-04-26 23:04:49.945020,337
21.114481405853248,-176.2874840742612,415.87838536216,190.44782117571035,-23.322797775268555,10.736626625061035,21.018760681152344,2023-04-26 23:05:10.614851,338
20.10830336828905,-175.42860981552806,415.6947880190516,191.01739065059772,-23.32373046875,10.934476852416992,20.70629119873047,2023-04-26 23:05:31.271802,339
19.097919970613113,-174.5824907967563,415.52046555711775,191.5803485023685,-23.257577896118164,11.108304023742676,19.63597297668457,2023-04-26 23:05:52.144115,340
18.071621208219913,-173.73853147645696,415.3539243076808,192.13595707059235,-23.30093002319336,11.388805389404297,18.623180389404297,2023-04-26 23:06:12.805938,341
17.051501909998933,-172.91392023767602,415.19911527121207,192.68608782710186,-23.357751846313477,11.381083488464355,18.229482650756836,2023-04-26 23:06:33.465545,342
16.027291981444172,-172.09917586333304,415.05465374635105,193.22007201641347,-23.43384552001953,11.766121864318848,17.732892990112305,2023-04-26 23:06:54.109444,343
15.000037845753209,-171.29419271182735,414.92099928773763,193.75077771492346,-23.61028289794922,11.782682418823242,17.113285064697266,2023-04-26 23:07:14.774183,344
13.96819104945665,-170.496865281257,414.79826391932113,194.26207201581227,-23.85860252380371,12.166814804077148,16.491313934326172,2023-04-26 23:07:35.463011,345
12.931847374604029,-169.70643014639558,414.68678972433014,194.77277892043247,-24.137310028076172,12.571598052978516,15.98972225189209,2023-04-26 23:07:56.144598,346
11.8930171010787,-168.9235789811868,414.5870795756413,195.27162861665352,-23.9807071685791,12.220209121704102,15.275486946105957,2023-04-26 23:08:16.768301,347
10.854137984772388,-168.14927768262925,414.4995662822524,195.7393326502593,-24.16261863708496,12.463725090026855,14.43127155303955,2023-04-26 23:08:37.429425,348
9.81088388014498,-167.37948243364926,414.42410606037515,196.19994694750662,-24.26165008544922,12.677279472351074,14.090157508850098,2023-04-26 23:08:58.340769,349
8.752877046458083,-166.60588587654954,414.36042434447387,196.65668169730537,-24.38797378540039,13.02461051940918,13.083050727844238,2023-04-26 23:09:18.991361,350
7.7059752972496005,-165.846603316767,414.3102612284318,197.11325252256407,-24.52322769165039,13.140096664428711,12.199888229370117,2023-04-26 23:09:39.637229,351
6.658223997172957,-165.09207464857602,414.27295776972096,197.55543896943067,-24.448331832885742,13.28836441040039,11.453863143920898,2023-04-26 23:10:00.293667,352
5.6075042735069065,-164.3400257767809,414.24859689115686,197.98795386843256,-24.708410263061523,13.401705741882324,10.857023239135742,2023-04-26 23:10:21.200182,353
4.543390696822339,-163.58232523631807,414.23731772145675,198.40701329476954,-24.730518341064453,13.705097198486328,10.120798110961914,2023-04-26 23:10:42.086310,354
3.4790477730451634,-162.8276522344554,414.23957718107965,198.82532140029778,-25.095905303955078,13.859506607055664,9.563621520996094,2023-04-26 23:11:02.751200,355
2.425425861294077,-162.0829779352933,414.2551954943268,199.22294769301925,-25.112625122070312,13.780076026916504,8.589645385742188,2023-04-26 23:11:23.421568,356
1.370845051609611,-161.3392828259304,414.284187036162,199.60621692810534,-25.211652755737305,14.133633613586426,7.858327865600586,2023-04-26 23:11:44.076870,357
0.3168819105525742,-160.59695790671256,414.32652605608314,199.98966374810988,-25.220956802368164,14.167763710021973,6.816559791564941,2023-04-26 23:12:04.992138,358
-0.7502193879188592,-159.84559729185304,414.38299945017525,200.36163585030877,-25.1845645904541,14.39191722869873,6.093060493469238,2023-04-26 23:12:25.655041,359
-1.8046667857587126,-159.10263698934008,414.4522307494793,200.73538380169185,-25.364973068237305,14.607391357421875,5.400828838348389,2023-04-26 23:12:46.327110,360
-2.8586066221282564,-158.35880631225112,414.5347301013501,201.0954986954916,-25.39314079284668,14.396440505981445,4.473132133483887,2023-04-26 23:13:07.221206,361
-3.923995865489459,-157.60490892911722,414.63158815930996,201.42500068143136,-25.801454544067383,14.465953826904297,3.8382272720336914,2023-04-26 23:13:27.906752,362
-4.9774921838342525,-156.85672578261915,414.7406060164473,201.7434787420507,-25.79373550415039,14.862682342529297,3.086106777191162,2023-04-26 23:13:48.824778,363
-6.04128713511703,-156.097744368808,414.8639648072406,202.06777612384292,-26.014530181884766,14.9502592086792,2.367706060409546,2023-04-26 23:14:09.697660,364
-7.10215083709366,-155.33659482962528,415.0001673758452,202.37570837238377,-26.16372299194336,14.946690559387207,1.8774386644363403,2023-04-26 23:14:30.345631,365
-8.149179894308972,-154.58042774989596,415.14738880635184,202.6647209969237,-26.168394088745117,14.811132431030273,1.0252584218978882,2023-04-26 23:14:50.987245,366
-9.194889784214796,-153.81952844518753,415.3069845133943,202.9300738461787,-26.059467315673828,14.512643814086914,0.32373300194740295,2023-04-26 23:15:11.876105,367
-10.250114283859984,-153.04513001318787,415.4806124010208,203.17791409040177,-26.086280822753906,14.687039375305176,-0.5596420168876648,2023-04-26 23:15:32.537059,368
-11.292326716553655,-152.27296414423327,415.66434778133134,203.4163150131919,-26.23592185974121,14.38251781463623,-0.953801691532135,2023-04-26 23:15:53.369096,369
-12.340084618041214,-151.48849298159138,415.8611603678401,203.62727223589692,-26.2684326171875,14.356876373291016,-2.0613131523132324,2023-04-26 23:16:14.231626,370
-13.386721679075162,-150.6957525028296,416.06969076776574,203.82407730664167,-26.239173889160156,14.092374801635742,-3.0638158321380615,2023-04-26 23:16:35.461191,371
-14.448064825025794,-149.88160585232723,416.2931228264522,203.9986296210705,-26.218994140625,14.066207885742188,-3.9132449626922607,2023-04-26 23:16:56.373877,372
-15.49018265229817,-149.07114870748364,416.5240255238471,204.1585926514322,-26.444908142089844,14.029637336730957,-4.291050910949707,2023-04-26 23:17:17.181064,373
-16.523259249075192,-148.255883213919,416.7639707798006,204.30126164281543,-26.601703643798828,13.722167015075684,-4.51519775390625,2023-04-26 23:17:38.402067,374
-17.57239601403585,-147.4147782208508,417.01866727102197,204.41323576406862,-26.46493148803711,13.324036598205566,-5.398242473602295,2023-04-26 23:17:59.221528,375
-18.597554878620212,-146.57894953079523,417.2780324304726,204.501795996847,-26.427595138549805,13.153173446655273,-6.238977909088135,2023-04-26 23:18:20.060844,376
-19.619028668899627,-145.73123362415268,417.54653348996607,204.57680513431208,-26.24648666381836,12.933747291564941,-7.076503753662109,2023-04-26 23:18:41.288725,377
-20.65433573564042,-144.85559045860344,417.8286675413521,204.64648672422456,-25.888599395751953,12.741798400878906,-7.828033447265625,2023-04-26 23:19:02.254021,378
-21.671269815460967,-143.97802734740304,418.1153302331176,204.70174295460995,-26.103591918945312,12.547597885131836,-8.70009994506836,2023-04-26 23:19:23.485844,379
-22.695116966914497,-143.07557449688358,418.4132164222085,204.73327110781875,-26.38249397277832,12.41766357421875,-9.88180923461914,2023-04-26 23:19:44.718918,380
-23.71269229197215,-142.15829488396335,418.7182213811754,204.7437759387622,-26.51091194152832,11.9078369140625,-10.067073822021484,2023-04-26 23:20:05.557952,381
-24.704619413877303,-141.24301637857718,419.0238490790636,204.716769370784,-26.457473754882812,11.633522033691406,-10.612990379333496,2023-04-26 23:20:26.796644,382
-25.70847107047296,-140.29378592213513,419.34122613759894,204.67382114128296,-26.461002349853516,11.430817604064941,-10.904520034790039,2023-04-26 23:20:47.691007,383
-26.688540691153666,-139.3429736143812,419.65864948614853,204.61606506166132,-26.33592987060547,11.162259101867676,-11.6815824508667,2023-04-26 23:21:08.350546,384
-27.649795923014022,-138.38544784077757,419.9769769917727,204.54421147159277,-26.530330657958984,10.919301986694336,-12.337577819824219,2023-04-26 23:21:29.013746,385
-28.603136457374827,-137.40942160313924,420.29927153926616,204.45306942730812,-26.468677520751953,10.64712142944336,-12.876937866210938,2023-04-26 23:21:49.694973,386
-29.547829251170388,-136.41423539672215,420.6248626864191,204.34061719281306,-26.42673683166504,10.060420989990234,-13.581541061401367,2023-04-26 23:22:10.316849,387
-30.482326307740344,-135.40011427696996,420.95278569848017,204.19577620127376,-26.421112060546875,9.760481834411621,-14.206064224243164,2023-04-26 23:22:30.969844,388
-31.40772510067239,-134.36437815317223,421.28300589353165,204.03055392525116,-26.480499267578125,9.424386024475098,-14.811100959777832,2023-04-26 23:22:51.611705,389
-32.32251162223189,-133.30714081779755,421.61457680695094,203.85273678039903,-26.444684982299805,9.31817626953125,-15.227400779724121,2023-04-26 23:23:12.281720,390
-33.22781454576385,-132.22540648639543,421.9475159127163,203.66690099346133,-26.711240768432617,8.94678783416748,-15.33951473236084,2023-04-26 23:23:32.963368,391
-34.122179381091385,-131.11909688408915,422.2809134266884,203.45386739324863,-26.606094360351562,8.487224578857422,-15.703519821166992,2023-04-26 23:23:53.874687,392
-35.01437942466626,-129.97486386880314,422.61773598480073,203.22312994270726,-26.47412109375,7.626524448394775,-16.438291549682617,2023-04-26 23:24:14.780284,393
-35.893327102024,-128.80434777677303,422.9534950295684,202.93787392221085,-26.296279907226562,7.485178470611572,-16.171775817871094,2023-04-26 23:24:35.438404,394
-36.748487822430796,-127.62042134475662,423.28374498659645,202.6473859768102,-26.207754135131836,6.9557600021362305,-16.692163467407227,2023-04-26 23:24:56.069711,395
-37.58854900895682,-126.40995798953186,423.611442583501,202.32778776516696,-26.107379913330078,6.429877758026123,-16.956295013427734,2023-04-26 23:25:16.715773,396
-38.4147212674932,-125.16915453735706,423.93675328649596,201.9875350614736,-26.395694732666016,6.326872825622559,-17.28544807434082,2023-04-26 23:25:37.543683,397
-39.23231981901493,-123.8870902245764,424.2615260738587,201.64741896156366,-26.559782028198242,6.22575569152832,-17.715930938720703,2023-04-26 23:25:58.324673,398
-40.03152851840231,-122.57635262601524,424.5816226005516,201.3032730500434,-26.665464401245117,5.840419769287109,-17.784215927124023,2023-04-26 23:26:19.199450,399
-40.816877124440836,-121.2269256460543,424.8986221927007,200.93707928788234,-26.493515014648438,5.287219047546387,-17.990549087524414,2023-04-26 23:26:40.096076,400
-41.58471242870682,-119.84206544669655,425.21085280571765,200.55165171301852,-26.341758728027344,5.156965732574463,-18.150779724121094,2023-04-26 23:27:00.748967,401
-42.32390472854309,-118.44046953935654,425.5135611490073,200.1697758365231,-26.480024337768555,4.897117614746094,-18.13146209716797,2023-04-26 23:27:21.613774,402
-43.05140066844199,-116.98751390651702,425.81352153694746,199.7710157323994,-26.197477340698242,4.206408977508545,-18.583498001098633,2023-04-26 23:27:42.840925,403
-43.76928817990929,-115.47302064724178,426.1115466174502,199.33535894637933,-26.175989151000977,3.6155784130096436,-18.68604278564453,2023-04-26 23:28:03.687973,404
-44.451803817190424,-113.94869998726021,426.39683097989996,198.8648818559705,-26.12063217163086,3.1486313343048096,-19.422117233276367,2023-04-26 23:28:24.488356,405
-45.10960036677756,-112.39057766438434,426.67369187313915,198.38331253834957,-26.053691864013672,2.934782028198242,-19.63178825378418,2023-04-26 23:28:45.323693,406
-45.74407250158586,-110.79253999571796,426.9426704068627,197.89809589971188,-25.880962371826172,2.4340529441833496,-19.652294158935547,2023-04-26 23:29:06.161930,407
-46.35322911973866,-109.15638690616856,427.20291294627276,197.39880907138394,-25.73159408569336,2.106222629547119,-19.841930389404297,2023-04-26 23:29:27.038792,408
-46.936827268201,-107.47944100272706,427.4543357281398,196.8821735625642,-25.867895126342773,1.5888588428497314,-19.579261779785156,2023-04-26 23:29:47.952033,409
-47.49357825489757,-105.76173876929082,427.69643683501926,196.33913254241315,-25.67391014099121,1.0221948623657227,-19.431123733520508,2023-04-26 23:30:08.879325,410
-48.02166696574108,-104.00532626959246,427.92850401110366,195.77183069033023,-25.48696517944336,0.5901718139648438,-19.269729614257812,2023-04-26 23:30:30.143341,411
-48.52724271561778,-102.18317218328201,428.15340009953997,195.1990646869113,-25.47933006286621,0.5608459115028381,-18.849449157714844,2023-04-26 23:30:51.393960,412
-49.00018588215807,-100.32511089070572,428.36681030624237,194.63676253330084,-25.53997802734375,0.14711523056030273,-18.691194534301758,2023-04-26 23:31:12.228196,413
-49.4313943796522,-98.46868433053461,428.56466821897106,194.0549533594208,-25.38646125793457,-0.4640763998031616,-18.398027420043945,2023-04-26 23:31:33.062507,414
-49.82937664542968,-96.57939350006596,428.7509259091869,193.44535897599718,-25.266834259033203,-0.921497106552124,-18.49417495727539,2023-04-26 23:31:53.886895,415
-50.1929995067787,-94.6596988695918,428.92521715612634,192.82334730866245,-24.989612579345703,-1.18305504322052,-18.224220275878906,2023-04-26 23:32:14.731823,416
-50.521784198167396,-92.7089168097043,429.08749463276837,192.197128244799,-24.996440887451172,-1.6193182468414307,-18.407577514648438,2023-04-26 23:32:35.558545,417
-50.81421365537419,-90.73301698670564,429.2371963806733,191.55894268950968,-24.63495635986328,-1.9249961376190186,-18.345735549926758,2023-04-26 23:32:56.454791,418
-51.07054497798978,-88.7263197043289,429.3746671708173,190.91616724709812,-24.6129207611084,-1.5334125757217407,-17.95195960998535,2023-04-26 23:33:17.293032,419
-51.28846844970657,-86.70373889891327,429.4988659658123,190.33721309229117,-24.316869735717773,-1.7342889308929443,-17.628324508666992,2023-04-26 23:33:38.125652,420
-51.468049914056294,-84.6634641349698,429.6099810278694,189.75679727700182,-24.166597366333008,-2.1435840129852295,-17.196308135986328,2023-04-26 23:33:59.309443,421
-51.61082468656206,-82.57392161620092,429.70941509313076,189.1666279515777,-24.33517837524414,-2.2764620780944824,-16.40730094909668,2023-04-26 23:34:20.223423,422
-51.711987068683676,-80.49917643882446,429.7940816780305,188.58067968306065,-23.819198608398438,-2.660198450088501,-16.084619522094727,2023-04-26 23:34:41.103398,423
-51.773201276972586,-78.42008478798623,429.86511523100006,187.98298348917118,-23.768634796142578,-2.864589214324951,-16.164140701293945,2023-04-26 23:35:01.931212,424
-51.79446767162694,-76.34248019535254,429.9224620828327,187.39489054125474,-23.80743408203125,-2.8628334999084473,-16.114742279052734,2023-04-26 23:35:22.778365,425
-51.77589167161823,-74.26264957963119,429.96631996900885,186.82426921723518,-23.49964141845703,-3.061547040939331,-16.199722290039062,2023-04-26 23:35:43.650845,426
-51.717401046590055,-72.1841303283172,429.9966360544489,186.25754110104253,-23.103639602661133,-3.1047203540802,-15.770577430725098,2023-04-26 23:36:04.464232,427
-51.61951841950897,-70.11902084689255,430.01333652486505,185.70570279724055,-22.83155632019043,-3.1126697063446045,-15.47334098815918,2023-04-26 23:36:25.324912,428
-51.48206970134298,-68.06017133363603,430.0165599476342,185.1649840414073,-22.6654109954834,-3.3683595657348633,-15.08950424194336,2023-04-26 23:36:46.217518,429
-51.30537154159116,-66.0129453438618,430.0062936596688,184.62567230454312,-22.300308227539062,-3.3156025409698486,-14.914572715759277,2023-04-26 23:37:07.121550,430
-51.089998790744794,-63.98259010430718,429.9826001213995,184.09914668180517,-22.106525421142578,-3.5314273834228516,-14.798255920410156,2023-04-26 23:37:28.034924,431
-50.8366097248739,-61.97290742101433,429.94559144984896,183.5800523048842,-22.095924377441406,-3.43603777885437,-14.767322540283203,2023-04-26 23:37:48.939534,432
-50.5461071144118,-59.98808558863515,429.8954416794093,183.0857924957854,-21.75023651123047,-3.468820810317993,-14.530828475952148,2023-04-26 23:38:09.860576,433
-50.21896919633521,-58.028583103486824,429.8322627541401,182.60613563113208,-21.566282272338867,-3.5407540798187256,-14.0679349899292,2023-04-26 23:38:30.764882,434
-49.85663299140072,-56.099955001759355,429.7563613781559,182.13550827656152,-21.23215103149414,-3.424316644668579,-13.715897560119629,2023-04-26 23:38:51.671441,435
-49.45975195289558,-54.202382060665485,429.66790636773754,181.68843141424915,-21.10697364807129,-3.426499366760254,-13.41429328918457,2023-04-26 23:39:12.585313,436
-49.02921058970164,-52.33715583226528,429.5671176523627,181.2555886661671,-20.77361297607422,-3.3941867351531982,-13.23969841003418,2023-04-26 23:39:33.498117,437
-48.56625899265283,-50.50666629930751,429.4543156102473,180.8286608619063,-20.692155838012695,-3.7208547592163086,-13.398758888244629,2023-04-26 23:39:54.407505,438
-48.0720705846698,-48.71235970808858,429.32982390982005,180.39971132165115,-20.426651000976562,-3.707522392272949,-13.17466926574707,2023-04-26 23:40:15.320946,439
-47.54758483218466,-46.954507387289894,429.1939243001775,179.97645451669814,-20.28632354736328,-3.7132568359375,-12.926610946655273,2023-04-26 23:40:36.189245,440
-46.995046259943386,-45.237175831880315,429.0472631010015,179.56565961925688,-20.302268981933594,-3.763756036758423,-12.460490226745605,2023-04-26 23:40:57.075872,441
-46.41427278553801,-43.556478951085516,428.8898671215681,179.16217302422754,-19.94792938232422,-3.9084699153900146,-12.534341812133789,2023-04-26 23:41:17.963412,442
-45.806671807395745,-41.913556392934986,428.72219895146424,178.75566748558506,-19.499305725097656,-3.842799663543701,-12.510231971740723,2023-04-26 23:41:38.867084,443
-45.17291047521438,-40.30732662333732,428.54454069224903,178.36420202349495,-19.28019905090332,-3.7716894149780273,-12.604981422424316,2023-04-26 23:41:59.754861,444
-44.51503995205673,-38.74001464258185,428.3575873009598,177.99000327962665,-18.8902530670166,-3.71598744392395,-12.759196281433105,2023-04-26 23:42:20.967036,445
-43.82295053407773,-37.18666876323095,428.1585552543114,177.63278438603498,-18.783510208129883,-3.518000841140747,-12.40966796875,2023-04-26 23:42:41.873310,446
-43.11819051091815,-35.69286908677453,427.95380105763553,177.3076400607857,-18.71936798095703,-3.469895839691162,-12.179557800292969,2023-04-26 23:43:02.742024,447
-42.39335241578527,-34.238017490215796,427.7414040769912,176.9934103778301,-18.51367950439453,-3.470663070678711,-12.385753631591797,2023-04-26 23:43:23.629158,448
-41.64751757875652,-32.81743256110828,427.5213002439449,176.69019095981653,-18.314489364624023,-3.4793403148651123,-12.548787117004395,2023-04-26 23:43:44.859381,449
-40.869547239863046,-31.409107036009107,427.2903937870647,176.40542671294037,-18.474334716796875,-3.3076601028442383,-12.315861701965332,2023-04-26 23:44:06.093462,450
-40.07229886592111,-30.03539753891991,427.05272549456237,176.14388510924223,-18.338294982910156,-3.340834379196167,-12.55789566040039,2023-04-26 23:44:27.294788,451
-39.25828596242247,-28.697884626146948,426.8093256971518,175.89387286486308,-18.219560623168945,-3.13710880279541,-12.3185396194458,2023-04-26 23:44:48.521451,452
-38.426101481314284,-27.391689254054985,426.560074625952,175.66879081095448,-18.102970123291016,-3.2728588581085205,-12.061367988586426,2023-04-26 23:45:09.436974,453
-37.59001820114381,-26.135650538399645,426.3095678009991,175.42696113320102,-18.00967788696289,-3.4769787788391113,-12.30605411529541,2023-04-26 23:45:30.341208,454
-36.73939213442411,-24.910254496876906,426.05494503591996,175.17372503953362,-18.016420364379883,-3.4537718296051025,-12.335943222045898,2023-04-26 23:45:51.246243,455
-35.87479721139897,-23.714093334096177,425.7967200066748,174.9305156635678,-17.925800323486328,-3.5707848072052,-12.778254508972168,2023-04-26 23:46:12.144319,456
-34.99610932458096,-22.544935238327685,425.53521426080766,174.69897225070437,-17.956256866455078,-3.591609001159668,-12.63064956665039,2023-04-26 23:46:33.040223,457
-34.1053559579907,-21.40346345696339,425.2714034001564,174.46354929039236,-17.703609466552734,-3.7031702995300293,-12.743542671203613,2023-04-26 23:46:54.268317,458
-33.18768408305839,-20.26966715241884,425.00131496633827,174.21707508400328,-17.556259155273438,-3.6106109619140625,-12.754355430603027,2023-04-26 23:47:15.182089,459
-32.27219645348146,-19.177691785756295,424.73392008737517,173.98184336898805,-17.476686477661133,-3.708815336227417,-12.766839027404785,2023-04-26 23:47:36.069872,460
-31.346572738950105,-18.11013217707029,424.46598146584694,173.73767776653844,-17.31578826904297,-3.904348373413086,-13.262402534484863,2023-04-26 23:47:56.990593,461
-30.409256547154644,-17.063525222046408,424.1974682017923,173.48765186178096,-17.12938690185547,-3.8144614696502686,-13.409479141235352,2023-04-26 23:48:17.885911,462
-29.463337480471257,-16.039700898310652,423.9296901185091,173.24399169332992,-17.2541446685791,-3.885166645050049,-13.582964897155762,2023-04-26 23:48:38.765806,463
-28.50885648381286,-15.037047883075951,423.66307803726187,173.01000307274361,-17.044851303100586,-3.810098171234131,-13.614852905273438,2023-04-26 23:48:59.672523,464
-27.54443178990128,-14.052639326505917,423.39768187271795,172.79059007584613,-17.237220764160156,-3.7752161026000977,-13.771539688110352,2023-04-26 23:49:20.897788,465
-26.556797673216764,-13.072162719156772,423.1303977434265,172.58117647589356,-17.037418365478516,-3.895156145095825,-14.503120422363281,2023-04-26 23:49:41.770957,466
-25.578345195645166,-12.126289896935265,422.870417442591,172.3613400072675,-17.064056396484375,-4.003364086151123,-14.38884162902832,2023-04-26 23:50:02.919917,467
-24.57824647913949,-11.183739652561954,422.60997457125694,172.13494655703826,-17.173473358154297,-4.200643539428711,-14.429267883300781,2023-04-26 23:50:23.778689,468
-23.58551792912475,-10.270572576491968,422.35706026052696,171.8959172568445,-17.136600494384766,-4.368752479553223,-14.422072410583496,2023-04-26 23:50:44.668762,469
-22.58478850569227,-9.370985251695387,422.10807895629176,171.6372853137328,-17.220008850097656,-4.687187194824219,-14.626920700073242,2023-04-26 23:51:05.523006,470
-21.579575776197814,-8.48695956375018,421.86432537329387,171.3739132193371,-17.80300521850586,-4.596543788909912,-14.73600959777832,2023-04-26 23:51:26.367791,471
-20.569308892020576,-7.616795196863646,421.62605209794714,171.12577244679053,-17.994457244873047,-5.066507816314697,-14.807705879211426,2023-04-26 23:51:47.223770,472
-19.552943595049463,-6.758502569549221,421.39341765366197,170.84465552093116,-18.042949676513672,-5.385126113891602,-14.675026893615723,2023-04-26 23:52:08.137391,473
-18.5288479268315,-5.909729866970975,421.1664804843797,170.53507036661117,-18.229223251342773,-5.878347873687744,-14.507543563842773,2023-04-26 23:52:29.008551,474
-17.501978211925593,-5.073579475945906,420.94673202521994,170.1910610588743,-18.31757164001465,-6.258662223815918,-14.601356506347656,2023-04-26 23:52:50.239310,475
-16.45304155930236,-4.233661805786469,420.73060570673255,169.8147586167416,-18.354816436767578,-6.585238933563232,-14.488524436950684,2023-04-26 23:53:11.435614,476
-15.401541942145915,-3.4049191528384535,420.52268430335795,169.41918138077116,-18.299652099609375,-6.960596561431885,-13.873739242553711,2023-04-26 23:53:32.314707,477
-14.362027471775201,-2.597544308360781,420.32597897186133,168.98752708560468,-18.496767044067383,-7.835492134094238,-13.990859985351562,2023-04-26 23:53:53.550597,478
-13.301208151207293,-1.7847767392597806,420.13455354202495,168.50595776798377,-18.740367889404297,-8.280618667602539,-14.180042266845703,2023-04-26 23:54:14.731372,479
-12.239863167420879,-0.9818575003369036,419.9526777580633,168.00888392094691,-19.032541275024414,-8.702765464782715,-14.011913299560547,2023-04-26 23:54:35.615480,480
-11.190403038663215,-0.19704897239324165,419.7825372655498,167.4889152798122,-18.75937843322754,-9.1600341796875,-13.728690147399902,2023-04-26 23:54:56.838400,481
-10.121328104744906,0.5940458058723336,419.61933541686983,166.94717199560347,-19.14914321899414,-9.644990921020508,-13.826367378234863,2023-04-26 23:55:17.743454,482
-9.06587079206137,1.367657441192209,419.4684145803334,166.4009481072992,-19.597814559936523,-10.008054733276367,-13.960149765014648,2023-04-26 23:55:38.635166,483
-8.008979741507028,2.1358030464817346,419.3276139081619,165.85943704952226,-19.983320236206055,-10.550189971923828,-13.633783340454102,2023-04-26 23:55:59.466464,484
-6.953319199334989,2.8973677989780007,419.19744201202445,165.30787195328705,-20.277006149291992,-11.089943885803223,-13.292752265930176,2023-04-26 23:56:20.336759,485
-5.894071110194403,3.656611538486874,419.0774751182247,164.74368466746566,-20.513219833374023,-11.723352432250977,-13.226719856262207,2023-04-26 23:56:41.578585,486
-4.81512494479744,4.425729637749367,418.96636521022515,164.15385685150002,-20.698575973510742,-12.520172119140625,-12.667215347290039,2023-04-26 23:57:02.561409,487
-3.7471570553780555,5.183593765497827,418.86751133692485,163.53698148642115,-20.966157913208008,-13.164558410644531,-12.248089790344238,2023-04-26 23:57:23.814581,488
-2.6650899769166476,5.948777272926027,418.7787313098152,162.90701947889255,-21.1146240234375,-13.734428405761719,-12.129854202270508,2023-04-26 23:57:44.706599,489
-1.6008167399874915,6.699504080629874,418.70265439156157,162.26719467820243,-21.368478775024414,-14.2726469039917,-11.653787612915039,2023-04-26 23:58:05.617398,490
-0.5351070752532052,7.450132187439306,418.63770012838376,161.62656391519025,-21.774038314819336,-14.875197410583496,-10.78010082244873,2023-04-26 23:58:26.524516,491
0.530382830095717,8.200234923154046,418.5840239120133,160.99106945443393,-22.01359748840332,-15.218300819396973,-10.059407234191895,2023-04-26 23:58:47.396840,492
1.5930661203958831,8.948729560104294,418.54172600726065,160.36330676781805,-22.16032600402832,-15.73801040649414,-9.77991008758545,2023-04-26 23:59:08.225250,493
2.654510247705144,9.697453148885238,418.5106806423532,159.72289457085932,-22.233217239379883,-16.719449996948242,-8.865509033203125,2023-04-26 23:59:29.092332,494
3.717747863253874,10.449286386770272,418.4907915507829,159.0570604098098,-22.426040649414062,-17.10320472717285,-7.890318870544434,2023-04-26 23:59:49.971180,495
4.780021303514764,11.203029363847905,418.48209006557,158.39807009830864,-22.55594825744629,-17.766456604003906,-6.997794151306152,2023-04-27 00:00:10.926239,496
5.844705489505903,11.961843970918414,418.48452080973016,157.7282061256488,-22.564573287963867,-18.44164276123047,-6.51483154296875,2023-04-27 00:00:31.804133,497
6.905044508264116,12.721677692199421,418.49797083352996,157.05203105819587,-22.89605712890625,-18.921051025390625,-5.6758928298950195,2023-04-27 00:00:52.667725,498
7.961958076011859,13.483927040955527,418.52224753011427,156.38630618017308,-23.099733352661133,-19.547639846801758,-4.449846267700195,2023-04-27 00:01:13.560841,499
9.02000404723695,14.252665377628968,418.55732063089977,155.718682509561,-23.2138614654541,-20.18876838684082,-3.41241455078125,2023-04-27 00:01:34.471022,500
10.076186666761128,15.026534341548386,418.6029640903758,155.04992502754672,-23.16400909423828,-20.543073654174805,-2.2459940910339355,2023-04-27 00:01:55.351650,501
11.128451858299458,15.804821955056186,418.65887125215875,154.39241003690626,-23.35698699951172,-20.906023025512695,-1.2783217430114746,2023-04-27 00:02:16.214211,502
12.176433127182321,16.58804141780293,418.7247558998435,153.7421896882994,-23.32021713256836,-21.225181579589844,-0.3689863085746765,2023-04-27 00:02:37.109565,503
13.224820785083098,17.38055598826314,418.80069634853464,153.10366262355157,-23.538482666015625,-21.62386131286621,0.8855915069580078,2023-04-27 00:02:58.001698,504
14.269301607011888,18.17999746435923,418.8861560927692,152.47580431428733,-23.444095611572266,-21.941699981689453,2.2705180644989014,2023-04-27 00:03:19.245556,505
15.3272926031163,19.000838458651447,418.98250296433633,151.85530894894836,-23.461471557617188,-22.202415466308594,3.5699870586395264,2023-04-27 00:03:40.127417,506
16.364353189760088,19.817273280421663,419.0862955964589,151.24964875448663,-23.325647354125977,-22.32746124267578,4.7447733879089355,2023-04-27 00:04:00.980442,507
17.395609641719425,20.64182065242976,419.1984758410958,150.65706154209633,-23.465566635131836,-22.369766235351562,5.943859577178955,2023-04-27 00:04:21.819707,508
18.421769389453186,21.475953291683872,419.318757052992,150.0871642181288,-23.508499145507812,-22.701231002807617,7.259538173675537,2023-04-27 00:04:42.672615,509
19.443415136072666,22.32111554354081,419.4468542189862,149.52217096998535,-23.457157135009766,-23.02879524230957,8.426748275756836,2023-04-27 00:05:03.581939,510
20.46357649483698,23.180915099088413,419.5828305975468,148.96739568484023,-23.356830596923828,-23.023366928100586,9.276798248291016,2023-04-27 00:05:24.797007,511
21.493624361528553,24.066470333724194,419.72804173596023,148.4304608538072,-23.228946685791016,-22.875459671020508,10.424781799316406,2023-04-27 00:05:45.682443,512
22.501390965799196,24.951205443836745,419.8775464272206,147.917021873519,-23.224153518676758,-22.835203170776367,11.844714164733887,2023-04-27 00:06:06.551933,513
23.502357351847664,25.849382766680968,420.0330522113714,147.41957919626697,-22.76683807373047,-22.748790740966797,12.832249641418457,2023-04-27 00:06:27.431570,514
24.497313775185248,26.762881566416215,420.1942732475837,146.92723184013576,-22.922883987426758,-22.82060432434082,14.081195831298828,2023-04-27 00:06:48.676833,515
25.502680455232348,27.70860782931505,420.36362500574523,146.46700003348198,-22.998205184936523,-22.39554786682129,15.390993118286133,2023-04-27 00:07:09.872795,516
